Walking,Techie,23,34000,BLR
Sachin,Tendulkar,23,34000,BLR
Justin,Doe,27,34000,BLR
Jane,Doe,29,44000,BLR
John,DBas,23,54000,BLR
Walking,Techie,23,34000,BLR
Sachin,Tendulkar,23,34000,BLR
Justin,Doe,27,34000,BLR
Jane,Doe,29,44000,BLR
John,DBas,23,54000,BLR
Walking,Techie,23,34000,BLR
Sachin,Tendulkar,23,34000,BLR
Justin,Doe,27,34000,BLR
Jane,Doe,29,44000,BLR
John,DBas,23,54000,BLR
Walking,Techie,23,34000,BLR
Sachin,Tendulkar,23,34000,BLR
Justin,Doe,27,34000,BLR
Jane,Doe,29,44000,BLR
John,DBas,23,54000,BLR
Walking,Techie,23,34000,BLR
Sachin,Tendulkar,23,34000,BLR
Justin,Doe,27,34000,BLR
Jane,Doe,29,44000,BLR
John,DBas,23,54000,BLR
Walking,Techie,23,34000,BLR
Sachin,Tendulkar,23,34000,BLR
Justin,Doe,27,34000,BLR
Jane,Doe,29,44000,BLR
John,DBas,23,54000,BLR
Walking,Techie,23,34000,BLR
Sachin,Tendulkar,23,34000,BLR
Justin,Doe,27,34000,BLR
Jane,Doe,29,44000,BLR
John,DBas,23,54000,BLR
Walking,Techie,23,34000,BLR
Sachin,Tendulkar,23,34000,BLR
Justin,Doe,27,34000,BLR
Jane,Doe,29,44000,BLR
John,DBas,23,54000,BLR
Walking,Techie,23,34000,BLR
Sachin,Tendulkar,23,34000,BLR
Justin,Doe,27,34000,BLR
Jane,Doe,29,44000,BLR
John,DBas,23,54000,BLR
Walking,Techie,23,34000,BLR
Sachin,Tendulkar,23,34000,BLR
Justin,Doe,27,34000,BLR
Jane,Doe,29,44000,BLR
John,DBas,23,54000,BLR